customer_id,sign_up_date,sign_up_channel
2543,2021-04-26,Price Comparison Website
2181,2021-07-24,Referral
2399,2020-10-11,Bulb Website
674,2021-04-04,Referral
2332,2021-09-05,Price Comparison Website
1893,2021-03-14,Price Comparison Website
468,2021-06-10,Referral
2638,2021-12-24,Price Comparison Website
2110,2021-12-20,Price Comparison Website
2616,2021-09-29,Referral
2511,2021-03-20,Referral
837,2021-07-09,Referral
253,2021-01-10,Bulb Website
1929,2022-01-02,Price Comparison Website
2324,2021-03-22,Price Comparison Website
2085,2021-03-29,Bulb Website
219,2021-04-04,Bulb Website
1947,2021-02-02,Bulb Website
2090,2021-07-24,Price Comparison Website
2335,2021-03-27,Price Comparison Website
2241,2022-01-01,Price Comparison Website
2568,2021-12-22,Price Comparison Website
272,2021-07-11,Price Comparison Website
2770,2022-01-01,Price Comparison Website
526,2020-12-29,Referral
2137,2021-07-24,Bulb Website
2460,2021-07-23,Referral
345,2021-04-04,Bulb Website
2250,2021-07-21,Referral
2811,2021-10-25,Referral
718,2020-10-30,Referral
2055,2021-08-01,Referral
778,2021-07-23,Referral
2366,2020-10-31,Bulb Website
1980,2021-12-04,Referral
68,2020-05-14,Referral
2443,2021-07-24,Price Comparison Website
121,2021-07-23,Referral
417,2021-07-26,Referral
318,2021-01-09,Price Comparison Website
2841,2021-07-18,Referral
2599,2021-09-06,Referral
856,2021-06-05,Bulb Website
1932,2021-07-31,Price Comparison Website
471,2021-07-20,Referral
2803,2021-10-26,Referral
2201,2021-09-11,Price Comparison Website
1971,2021-11-28,Bulb Website
2545,2020-07-14,Price Comparison Website
2265,2021-07-29,Price Comparison Website
742,2021-03-23,Referral
2025,2021-12-13,Price Comparison Website
676,2021-04-05,Referral
116,2020-05-07,Price Comparison Website
94,2021-08-01,Referral
821,2021-04-30,Price Comparison Website
1964,2021-07-07,Bulb Website
2702,2021-07-09,Referral
314,2021-09-01,Referral
138,2021-07-04,Price Comparison Website
363,2021-03-13,Referral
2149,2021-04-12,Bulb Website
2806,2021-05-29,Bulb Website
2065,2021-04-20,Price Comparison Website
2071,2021-03-04,Referral
1876,2021-12-06,Referral
855,2021-05-02,Price Comparison Website
1958,2021-08-11,Referral
1908,2021-09-11,Price Comparison Website
1887,2021-03-02,Price Comparison Website
357,2021-04-25,Bulb Website
2481,2021-09-10,Bulb Website
2095,2020-09-19,Price Comparison Website
703,2021-05-05,Referral
2600,2020-07-13,Price Comparison Website
470,2021-04-10,Price Comparison Website
2164,2021-12-28,Bulb Website
2348,2021-12-29,Price Comparison Website
2268,2021-07-24,Price Comparison Website
756,2021-09-06,Bulb Website
217,2021-06-28,Price Comparison Website
2229,2021-11-20,Bulb Website
618,2021-03-03,Bulb Website
2641,2021-12-14,Price Comparison Website
2358,2021-06-26,Referral
2195,2021-12-28,Price Comparison Website
2333,2021-12-14,Price Comparison Website
2722,2020-12-27,Price Comparison Website
2297,2021-12-17,Price Comparison Website
242,2020-11-28,Referral
1906,2021-04-21,Referral
2675,2021-10-30,Bulb Website
2571,2021-09-13,Bulb Website
2804,2020-12-30,Price Comparison Website
1949,2020-11-22,Price Comparison Website
2693,2021-12-27,Price Comparison Website
2175,2021-04-04,Price Comparison Website
807,2021-03-02,Referral
299,2021-05-18,Price Comparison Website
615,2021-11-07,Referral
2168,2021-12-28,Bulb Website
21,2021-02-27,Referral
2634,2021-08-23,Referral
2431,2020-12-15,Bulb Website
2502,2021-07-20,Referral
724,2021-05-19,Price Comparison Website
2632,2021-07-18,Referral
2478,2020-04-23,Price Comparison Website
1880,2021-09-13,Price Comparison Website
2136,2021-10-09,Referral
2237,2021-12-28,Price Comparison Website
2045,2021-07-24,Referral
2160,2020-08-12,Price Comparison Website
750,2021-06-29,Price Comparison Website
1981,2021-04-03,Price Comparison Website
2246,2021-07-13,Bulb Website
2001,2021-12-23,Price Comparison Website
71,2021-07-20,Referral
2128,2021-07-17,Referral
1862,2021-08-03,Price Comparison Website
2138,2020-07-18,Referral
2752,2021-10-13,Bulb Website
2051,2021-08-04,Price Comparison Website
2631,2021-12-16,Price Comparison Website
2425,2021-11-29,Price Comparison Website
2247,2021-12-29,Referral
2393,2021-02-10,Price Comparison Website
240,2021-02-01,Bulb Website
2769,2021-09-23,Bulb Website
2405,2021-12-18,Price Comparison Website
2522,2021-04-16,Price Comparison Website
321,2021-09-16,Referral
245,2021-06-21,Bulb Website
717,2021-04-23,Price Comparison Website
2423,2021-03-21,Bulb Website
366,2020-09-30,Bulb Website
2196,2021-08-13,Bulb Website
2300,2021-03-07,Price Comparison Website
2715,2021-08-03,Bulb Website
2041,2020-09-17,Bulb Website
2434,2022-01-03,Referral
292,2021-09-05,Referral
215,2021-09-26,Referral
50,2020-05-30,Bulb Website
2441,2021-01-13,Price Comparison Website
461,2021-02-03,Referral
2279,2021-12-21,Bulb Website
2337,2021-07-01,Bulb Website
786,2021-05-11,Price Comparison Website
2202,2021-04-13,Price Comparison Website
840,2021-04-11,Bulb Website
2077,2021-09-05,Price Comparison Website
133,2020-08-22,Referral
2139,2021-07-24,Referral
2771,2021-07-14,Price Comparison Website
182,2020-09-27,Bulb Website
2734,2021-12-22,Price Comparison Website
569,2021-05-16,Referral
2339,2020-12-06,Price Comparison Website
419,2021-05-03,Bulb Website
2591,2021-08-02,Price Comparison Website
1960,2021-07-11,Referral
2326,2021-12-28,Price Comparison Website
2130,2021-12-26,Price Comparison Website
2435,2020-07-08,Referral
2635,2021-06-28,Price Comparison Website
87,2021-01-04,Referral
2171,2021-10-09,Bulb Website
1965,2021-12-25,Price Comparison Website
517,2021-06-26,Referral
33,2021-07-08,Referral
2059,2021-01-05,Price Comparison Website
2260,2021-01-09,Price Comparison Website
58,2021-07-24,Bulb Website
762,2021-05-10,Bulb Website
100,2021-07-21,Referral
136,2021-01-20,Referral
764,2021-07-19,Referral
2745,2021-11-29,Price Comparison Website
510,2021-08-14,Referral
2030,2021-12-31,Price Comparison Website
2012,2021-12-19,Price Comparison Website
836,2021-04-05,Price Comparison Website
2403,2020-09-04,Price Comparison Website
467,2021-08-03,Referral
2618,2021-08-03,Price Comparison Website
259,2021-03-10,Bulb Website
2263,2021-07-12,Price Comparison Website
2438,2021-09-05,Price Comparison Website
2124,2021-07-23,Price Comparison Website
2081,2021-04-12,Bulb Website
2364,2021-09-14,Price Comparison Website
159,2021-09-06,Bulb Website
719,2020-11-02,Price Comparison Website
2375,2021-11-08,Bulb Website
6,2020-12-25,Referral
1861,2021-09-05,Price Comparison Website
2409,2021-12-22,Price Comparison Website
602,2021-06-02,Bulb Website
730,2020-12-23,Bulb Website
798,2021-04-14,Price Comparison Website
2525,2021-10-28,Referral
344,2021-05-28,Referral
158,2021-12-05,Referral
2725,2021-12-28,Price Comparison Website
2111,2021-12-18,Price Comparison Website
1917,2021-04-12,Bulb Website
2006,2021-12-27,Price Comparison Website
802,2021-07-20,Price Comparison Website
1883,2021-12-31,Referral
478,2021-09-11,Bulb Website
2847,2021-08-22,Price Comparison Website
791,2021-04-27,Price Comparison Website
248,2021-07-20,Referral
690,2021-07-29,Price Comparison Website
525,2021-04-03,Price Comparison Website
2121,2021-07-09,Price Comparison Website
2712,2019-11-29,Price Comparison Website
627,2021-07-17,Referral
2365,2021-09-29,Referral
110,2021-03-18,Referral
448,2021-05-27,Referral
2360,2021-03-30,Price Comparison Website
2398,2021-01-16,Price Comparison Website
2704,2021-06-27,Price Comparison Website
2689,2021-01-25,Price Comparison Website
48,2021-11-16,Referral
2848,2021-12-08,Price Comparison Website
2436,2021-07-18,Price Comparison Website
2381,2021-07-06,Referral
725,2021-01-03,Bulb Website
425,2021-06-25,Referral
1921,2021-02-10,Price Comparison Website
508,2021-07-24,Referral
432,2021-09-20,Referral
502,2020-12-01,Price Comparison Website
542,2021-07-09,Referral
2163,2021-12-08,Bulb Website
34,2021-03-08,Price Comparison Website
1918,2021-06-28,Referral
2608,2021-07-17,Referral
1948,2021-12-12,Price Comparison Website
2471,2021-10-24,Referral
2350,2021-02-12,Price Comparison Website
2640,2021-10-23,Referral
42,2021-01-16,Bulb Website
2588,2021-05-31,Referral
2294,2021-12-28,Price Comparison Website
2186,2021-05-03,Price Comparison Website
2449,2021-05-26,Price Comparison Website
2313,2021-12-16,Price Comparison Website
2698,2021-12-26,Price Comparison Website
777,2021-07-19,Referral
352,2021-03-10,Referral
168,2020-10-06,Bulb Website
2210,2021-08-25,Referral
2256,2021-05-02,Price Comparison Website
2729,2021-07-05,Price Comparison Website
1997,2021-04-07,Referral
2563,2021-07-24,Referral
2296,2021-03-01,Price Comparison Website
2419,2021-05-18,Price Comparison Website
2440,2021-10-03,Referral
2100,2021-12-25,Price Comparison Website
146,2021-07-03,Price Comparison Website
2447,2021-04-16,Price Comparison Website
2660,2021-12-30,Price Comparison Website
568,2021-05-15,Bulb Website
538,2020-10-15,Bulb Website
2114,2021-04-16,Bulb Website
2092,2021-05-19,Bulb Website
604,2021-12-29,Bulb Website
666,2021-09-25,Referral
596,2020-01-20,Bulb Website
389,2021-08-07,Referral
2133,2021-08-08,Referral
548,2021-06-06,Referral
1875,2021-07-04,Price Comparison Website
2427,2021-09-07,Price Comparison Website
456,2020-12-08,Referral
43,2021-08-02,Bulb Website
2787,2021-03-28,Price Comparison Website
2815,2021-07-23,Price Comparison Website
384,2021-05-24,Referral
555,2021-11-27,Referral
192,2020-07-02,Bulb Website
1972,2021-09-06,Price Comparison Website
2416,2021-12-22,Referral
279,2021-07-19,Referral
482,2021-01-23,Price Comparison Website
580,2021-09-03,Referral
1919,2021-04-12,Price Comparison Website
2603,2021-12-14,Bulb Website
2191,2021-05-26,Bulb Website
2807,2021-07-25,Bulb Website
1966,2021-05-04,Price Comparison Website
128,2021-08-09,Bulb Website
2737,2021-05-06,Bulb Website
2118,2021-07-26,Price Comparison Website
186,2021-05-04,Referral
622,2021-05-06,Referral
819,2021-05-06,Referral
349,2021-07-02,Referral
2768,2021-12-28,Price Comparison Website
2415,2021-07-21,Price Comparison Website
354,2020-10-12,Bulb Website
2469,2021-08-07,Price Comparison Website
2106,2021-12-20,Bulb Website
803,2021-04-05,Price Comparison Website
2225,2020-04-15,Price Comparison Website
2465,2020-05-03,Price Comparison Website
2790,2021-07-20,Price Comparison Website
650,2021-08-01,Referral
2362,2021-12-12,Price Comparison Website
2476,2021-01-05,Price Comparison Website
733,2021-07-18,Referral
423,2021-07-18,Bulb Website
2270,2021-08-19,Referral
134,2021-04-10,Price Comparison Website
2767,2021-05-02,Price Comparison Website
637,2021-07-17,Price Comparison Website
2498,2021-12-05,Bulb Website
2820,2020-12-29,Bulb Website
2604,2021-10-27,Referral
2746,2021-07-23,Bulb Website
225,2021-07-24,Bulb Website
2566,2021-04-05,Price Comparison Website
2470,2021-04-24,Price Comparison Website
2094,2021-12-28,Price Comparison Website
1996,2021-11-07,Bulb Website
16,2021-07-04,Referral
2288,2021-07-18,Bulb Website
2740,2021-08-11,Price Comparison Website
2766,2021-10-14,Referral
2462,2021-12-28,Referral
2383,2021-12-15,Price Comparison Website
2354,2020-12-14,Price Comparison Website
655,2021-07-19,Referral
552,2020-07-16,Bulb Website
1987,2021-02-02,Price Comparison Website
385,2020-12-30,Referral
2621,2021-07-03,Price Comparison Website
2432,2021-12-28,Price Comparison Website
2636,2021-06-27,Price Comparison Website
1891,2021-04-26,Price Comparison Website
241,2021-07-16,Referral
1993,2021-09-07,Bulb Website
271,2021-07-24,Referral
2750,2021-03-10,Price Comparison Website
2223,2021-08-22,Price Comparison Website
391,2020-09-22,Price Comparison Website
2232,2021-07-22,Referral
199,2020-09-13,Price Comparison Website
2536,2021-12-14,Price Comparison Website
2663,2021-07-24,Referral
677,2021-11-08,Referral
2437,2021-09-11,Price Comparison Website
47,2021-07-21,Bulb Website
2172,2021-04-18,Referral
1961,2020-10-03,Bulb Website
2444,2021-12-11,Price Comparison Website
2800,2021-07-20,Price Comparison Website
457,2021-07-08,Referral
1944,2021-08-17,Bulb Website
1934,2021-01-04,Price Comparison Website
375,2021-04-26,Referral
2456,2021-04-17,Bulb Website
520,2021-05-03,Referral
2044,2021-04-19,Price Comparison Website
2053,2021-04-12,Price Comparison Website
1902,2021-10-07,Referral
745,2021-11-29,Referral
706,2021-03-09,Referral
2233,2021-07-12,Referral
2717,2021-12-01,Price Comparison Website
1,2021-10-25,Bulb Website
2312,2021-01-10,Price Comparison Website
867,2020-12-27,Bulb Website
257,2021-07-16,Referral
2330,2021-11-29,Price Comparison Website
581,2021-04-05,Referral
2016,2021-12-29,Price Comparison Website
1946,2020-07-19,Bulb Website
735,2021-07-31,Referral
2285,2021-07-18,Referral
2286,2021-12-10,Price Comparison Website
2305,2021-08-02,Price Comparison Website
2417,2021-03-17,Bulb Website
62,2021-07-04,Referral
781,2021-07-20,Referral
1863,2021-09-05,Price Comparison Website
178,2021-04-04,Referral
383,2021-10-25,Bulb Website
693,2021-04-19,Referral
823,2021-06-25,Referral
665,2021-02-03,Bulb Website
2198,2021-09-05,Price Comparison Website
2472,2020-12-28,Price Comparison Website
710,2021-04-04,Referral
2122,2021-12-19,Referral
418,2021-05-04,Price Comparison Website
2336,2021-06-27,Price Comparison Website
2034,2021-12-20,Referral
528,2021-03-09,Price Comparison Website
317,2021-03-18,Price Comparison Website
2011,2021-08-03,Referral
96,2021-07-24,Referral
2036,2021-08-02,Price Comparison Website
2845,2021-03-14,Price Comparison Website
2605,2021-04-06,Price Comparison Website
784,2021-03-14,Referral
562,2021-02-15,Price Comparison Website
2630,2021-10-29,Bulb Website
453,2021-05-22,Bulb Website
516,2020-11-03,Price Comparison Website
692,2021-07-20,Referral
2205,2021-10-06,Bulb Website
77,2020-07-07,Referral
2628,2021-03-10,Price Comparison Website
427,2020-10-07,Referral
342,2021-08-22,Price Comparison Website
2832,2021-09-05,Referral
2240,2020-12-06,Referral
72,2021-04-12,Price Comparison Website
2751,2020-07-12,Price Comparison Website
696,2021-07-18,Referral
396,2021-04-20,Bulb Website
231,2021-03-02,Referral
227,2021-04-04,Referral
2310,2021-11-04,Bulb Website
26,2021-07-24,Referral
771,2021-03-03,Referral
187,2021-06-05,Referral
397,2020-05-26,Price Comparison Website
444,2021-07-18,Bulb Website
97,2020-11-10,Price Comparison Website
2835,2021-07-29,Price Comparison Website
2369,2021-08-04,Price Comparison Website
2526,2021-04-07,Bulb Website
609,2020-09-05,Price Comparison Website
2659,2021-07-21,Referral
2451,2021-02-25,Price Comparison Website
312,2021-02-23,Referral
2606,2021-05-04,Price Comparison Website
708,2020-06-19,Bulb Website
2585,2021-11-05,Referral
1935,2021-06-21,Referral
1913,2021-08-30,Referral
1898,2021-12-26,Price Comparison Website
2174,2021-04-16,Bulb Website
2023,2021-05-02,Price Comparison Website
2833,2021-12-19,Referral
2667,2021-12-13,Price Comparison Website
2338,2021-12-29,Price Comparison Website
2747,2021-09-19,Referral
536,2021-05-22,Referral
624,2021-08-17,Referral
399,2021-09-07,Referral
443,2021-08-01,Referral
1021,2021-09-05,Referral
57,2020-10-25,Referral
132,2020-05-10,Price Comparison Website
2343,2021-07-24,Referral
822,2021-05-10,Price Comparison Website
2679,2021-11-29,Bulb Website
173,2021-03-15,Referral
2623,2021-12-15,Price Comparison Website
153,2021-07-23,Referral
2274,2020-06-30,Price Comparison Website
2846,2021-07-18,Referral
2179,2020-08-21,Price Comparison Website
2152,2021-09-05,Price Comparison Website
2277,2021-07-26,Price Comparison Website
2113,2021-04-27,Price Comparison Website
2779,2021-12-20,Price Comparison Website
1933,2021-04-24,Bulb Website
301,2021-04-29,Referral
1986,2021-12-09,Price Comparison Website
459,2021-07-26,Referral
2843,2021-08-02,Referral
2349,2021-09-29,Bulb Website
2317,2021-08-07,Price Comparison Website
2422,2021-04-11,Price Comparison Website
755,2021-07-19,Referral
118,2021-09-23,Referral
2464,2020-08-19,Price Comparison Website
2461,2021-07-03,Price Comparison Website
2786,2021-12-13,Price Comparison Website
2000,2021-12-19,Price Comparison Website
1901,2021-02-07,Price Comparison Website
511,2021-07-17,Referral
2151,2021-08-22,Price Comparison Website
28,2021-07-27,Referral
664,2021-05-11,Referral
2486,2021-08-05,Price Comparison Website
144,2021-07-13,Referral
2220,2021-12-18,Price Comparison Website
2046,2021-02-01,Price Comparison Website
863,2021-12-15,Price Comparison Website
505,2021-07-14,Price Comparison Website
827,2021-12-06,Referral
13,2021-12-14,Referral
2325,2021-02-27,Price Comparison Website
2218,2021-08-14,Referral
2080,2021-12-17,Bulb Website
2643,2021-04-05,Bulb Website
2257,2021-05-28,Bulb Website
2844,2021-12-06,Bulb Website
699,2021-09-08,Referral
2321,2021-09-13,Bulb Website
2050,2022-01-02,Price Comparison Website
2577,2021-10-27,Referral
2778,2021-09-07,Referral
2108,2021-07-25,Price Comparison Website
2404,2021-08-02,Referral
1938,2020-11-02,Price Comparison Website
2150,2021-09-02,Referral
1911,2021-08-22,Price Comparison Website
36,2021-01-03,Referral
2517,2021-12-22,Bulb Website
1968,2021-01-03,Price Comparison Website
758,2021-07-28,Bulb Website
2093,2021-03-30,Price Comparison Website
2413,2021-04-27,Price Comparison Website
2830,2021-07-18,Price Comparison Website
2785,2021-12-19,Price Comparison Website
723,2021-07-18,Referral
315,2021-07-07,Referral
613,2021-07-19,Referral
2284,2021-07-24,Price Comparison Website
2184,2021-07-16,Price Comparison Website
2708,2022-01-03,Price Comparison Website
2690,2021-10-22,Referral
2553,2021-08-01,Price Comparison Website
572,2021-07-03,Referral
2687,2021-12-29,Bulb Website
2794,2021-12-27,Price Comparison Website
2733,2021-07-17,Bulb Website
2655,2021-12-28,Price Comparison Website
2327,2021-05-31,Price Comparison Website
2782,2021-07-23,Referral
149,2021-06-24,Referral
573,2021-05-03,Price Comparison Website
2439,2020-08-05,Price Comparison Website
2648,2021-05-06,Price Comparison Website
2744,2021-07-17,Referral
260,2021-07-24,Referral
2345,2020-07-08,Bulb Website
2466,2021-07-07,Referral
2038,2021-04-06,Price Comparison Website
2500,2021-12-26,Price Comparison Website
2379,2021-05-08,Price Comparison Website
2355,2021-05-16,Price Comparison Website
442,2021-08-22,Referral
2221,2020-09-22,Bulb Website
795,2021-03-03,Price Comparison Website
2368,2021-04-06,Bulb Website
533,2021-04-03,Price Comparison Website
2550,2022-01-02,Price Comparison Website
2686,2020-10-26,Bulb Website
1914,2022-01-01,Referral
2173,2021-09-03,Referral
262,2021-06-27,Referral
2495,2021-04-26,Price Comparison Website
2180,2021-05-28,Bulb Website
174,2021-06-28,Price Comparison Website
590,2020-12-26,Price Comparison Website
811,2021-06-24,Bulb Website
2428,2022-01-02,Price Comparison Website
2276,2021-07-16,Price Comparison Website
857,2021-03-14,Referral
78,2021-04-14,Price Comparison Website
2564,2021-12-28,Price Comparison Website
551,2021-08-04,Referral
770,2021-07-23,Referral
2508,2021-07-30,Price Comparison Website
507,2021-01-10,Price Comparison Website
66,2021-07-14,Referral
2695,2021-02-18,Referral
658,2020-06-25,Price Comparison Website
776,2021-09-24,Referral
489,2021-07-22,Bulb Website
1882,2021-07-02,Referral
2267,2021-07-20,Referral
163,2021-07-26,Referral
1983,2021-08-25,Bulb Website
2395,2020-07-14,Price Comparison Website
2029,2021-12-23,Referral
586,2020-11-08,Referral
2549,2021-12-28,Price Comparison Website
679,2021-05-23,Referral
2538,2021-08-05,Price Comparison Website
2340,2021-12-29,Price Comparison Website
2063,2020-12-22,Price Comparison Website
2582,2021-07-22,Referral
2017,2021-04-27,Price Comparison Website
2474,2021-12-13,Price Comparison Website
2540,2021-08-02,Price Comparison Website
107,2021-06-29,Price Comparison Website
841,2021-04-03,Referral
2723,2021-08-05,Price Comparison Website
2068,2021-07-28,Price Comparison Website
2649,2021-08-05,Bulb Website
2135,2021-09-11,Price Comparison Website
44,2021-04-25,Referral
2378,2020-10-08,Bulb Website
2361,2021-09-05,Price Comparison Website
1865,2021-09-10,Bulb Website
653,2021-07-10,Referral
681,2021-07-16,Bulb Website
861,2021-04-24,Bulb Website
643,2021-07-17,Referral
2507,2021-07-30,Price Comparison Website
858,2021-07-01,Price Comparison Website
2187,2021-09-14,Referral
2145,2021-12-06,Price Comparison Website
2414,2021-04-18,Price Comparison Website
842,2021-03-30,Price Comparison Website
2372,2021-08-15,Bulb Website
2617,2021-12-29,Price Comparison Website
2275,2021-08-23,Price Comparison Website
285,2020-12-10,Referral
2231,2021-07-26,Price Comparison Website
2319,2021-07-18,Referral
2266,2021-12-28,Price Comparison Website
2182,2021-08-11,Price Comparison Website
280,2021-08-23,Bulb Website
2813,2020-06-10,Price Comparison Website
2047,2021-02-25,Price Comparison Website
2056,2021-12-19,Price Comparison Website
2272,2021-06-27,Bulb Website
849,2021-08-22,Price Comparison Website
514,2021-07-18,Referral
715,2021-01-08,Bulb Website
365,2021-04-14,Price Comparison Website
405,2020-07-20,Referral
2697,2021-12-30,Price Comparison Website
2721,2021-06-27,Price Comparison Website
1950,2021-02-03,Price Comparison Website
2759,2021-12-25,Referral
249,2021-04-13,Price Comparison Website
2388,2021-12-28,Price Comparison Website
2269,2021-08-24,Price Comparison Website
2255,2021-11-09,Bulb Website
2070,2021-08-30,Price Comparison Website
2207,2021-09-06,Price Comparison Website
450,2021-06-03,Bulb Website
2400,2021-10-11,Referral
1999,2021-12-16,Bulb Website
37,2021-03-14,Referral
293,2021-07-18,Referral
2004,2021-07-02,Price Comparison Website
2224,2021-08-22,Price Comparison Website
2581,2021-12-19,Price Comparison Website
201,2021-09-19,Referral
547,2021-04-07,Price Comparison Website
2293,2021-08-08,Bulb Website
2013,2021-11-30,Price Comparison Website
75,2020-08-07,Price Comparison Website
2052,2021-02-02,Bulb Website
449,2021-10-19,Referral
698,2021-05-01,Referral
2406,2021-12-29,Referral
2736,2021-12-14,Price Comparison Website
2341,2021-09-07,Price Comparison Website
2494,2021-01-17,Price Comparison Website
3,2021-08-03,Price Comparison Website
585,2020-10-13,Bulb Website
82,2020-06-28,Price Comparison Website
264,2020-11-25,Referral
864,2021-09-19,Referral
2107,2021-12-13,Bulb Website
243,2021-04-10,Bulb Website
632,2021-01-31,Referral
2194,2021-03-08,Price Comparison Website
2197,2021-04-20,Price Comparison Website
295,2021-02-04,Price Comparison Website
1942,2021-09-20,Bulb Website
2,2021-04-04,Referral
2711,2021-12-17,Price Comparison Website
446,2019-09-23,Bulb Website
407,2021-07-21,Referral
476,2020-07-15,Bulb Website
2386,2021-07-23,Price Comparison Website
2718,2021-09-11,Referral
273,2021-09-18,Price Comparison Website
687,2021-09-05,Price Comparison Website
682,2021-01-13,Price Comparison Website
438,2021-07-21,Bulb Website
631,2021-02-13,Price Comparison Website
196,2020-11-04,Bulb Website
2783,2021-12-10,Price Comparison Website
2148,2021-05-23,Bulb Website
373,2021-05-15,Referral
531,2021-04-27,Referral
1927,2021-07-21,Bulb Website
1973,2021-02-14,Price Comparison Website
45,2020-07-04,Price Comparison Website
410,2021-07-23,Referral
673,2021-03-02,Referral
2209,2021-06-08,Referral
1890,2021-09-26,Bulb Website
761,2021-01-13,Bulb Website
12,2019-10-16,Price Comparison Website
1951,2021-08-25,Referral
123,2021-06-29,Price Comparison Website
839,2021-09-06,Price Comparison Website
2311,2021-12-22,Price Comparison Website
267,2021-06-29,Price Comparison Website
1998,2020-06-11,Price Comparison Website
203,2021-05-06,Bulb Website
300,2021-05-14,Referral
2253,2021-09-05,Price Comparison Website
430,2021-07-03,Price Comparison Website
2281,2020-12-28,Referral
2610,2021-04-09,Price Comparison Website
2099,2020-10-16,Referral
2097,2021-04-08,Price Comparison Website
2334,2021-03-03,Price Comparison Website
612,2021-02-12,Referral
2035,2021-08-24,Bulb Website
2797,2021-11-01,Bulb Website
2584,2021-07-18,Price Comparison Website
355,2020-10-07,Referral
256,2021-07-19,Bulb Website
2105,2021-07-23,Referral
2595,2021-12-06,Price Comparison Website
2238,2021-12-13,Bulb Website
2738,2020-09-30,Bulb Website
2407,2021-05-08,Price Comparison Website
200,2021-06-09,Referral
845,2021-04-24,Bulb Website
2303,2021-04-27,Price Comparison Website
2699,2021-03-14,Bulb Website
2037,2021-09-08,Price Comparison Website
2301,2021-05-07,Price Comparison Website
83,2021-02-04,Price Comparison Website
111,2021-03-24,Price Comparison Website
534,2021-10-23,Bulb Website
2318,2021-11-28,Price Comparison Website
2219,2021-12-12,Price Comparison Website
2612,2021-09-11,Price Comparison Website
433,2021-07-16,Referral
1871,2021-01-06,Price Comparison Website
818,2021-03-24,Price Comparison Website
122,2021-07-20,Referral
2089,2021-07-27,Price Comparison Website
1920,2020-12-21,Price Comparison Website
1994,2020-07-17,Price Comparison Website
2018,2021-07-05,Price Comparison Website
265,2021-04-24,Price Comparison Website
2087,2021-03-02,Price Comparison Website
2351,2021-04-19,Bulb Website
147,2021-04-04,Referral
286,2021-07-11,Referral
2760,2021-12-14,Bulb Website
22,2020-10-25,Bulb Website
2661,2021-04-14,Price Comparison Website
2206,2021-07-14,Bulb Website
1881,2021-11-29,Price Comparison Website
550,2021-04-20,Price Comparison Website
2574,2021-07-30,Price Comparison Website
2705,2021-07-06,Price Comparison Website
2539,2021-04-04,Bulb Website
2776,2021-04-30,Bulb Website
829,2021-09-06,Bulb Website
506,2021-09-17,Referral
2346,2021-02-04,Referral
844,2020-06-05,Price Comparison Website
2831,2021-10-09,Referral
191,2021-05-30,Price Comparison Website
17,2021-05-21,Bulb Website
751,2021-11-05,Referral
2662,2021-12-14,Referral
88,2021-05-16,Referral
429,2021-07-17,Price Comparison Website
2084,2021-07-28,Bulb Website
469,2020-05-17,Price Comparison Website
2454,2021-12-29,Price Comparison Website
2546,2021-08-30,Price Comparison Website
480,2021-01-12,Price Comparison Website
49,2021-04-08,Price Comparison Website
336,2021-03-04,Referral
2772,2021-07-05,Price Comparison Website
2067,2021-12-29,Price Comparison Website
769,2020-12-30,Price Comparison Website
2817,2021-08-14,Bulb Website
166,2021-06-24,Referral
810,2021-10-24,Referral
298,2021-04-04,Referral
2671,2021-07-01,Price Comparison Website
2763,2021-03-29,Referral
1899,2021-07-14,Price Comparison Website
2028,2021-12-30,Price Comparison Website
2741,2021-12-14,Price Comparison Website
865,2020-09-13,Price Comparison Website
2367,2021-09-05,Referral
2141,2021-10-25,Referral
2373,2021-08-22,Price Comparison Website
2302,2021-07-03,Price Comparison Website
646,2021-08-31,Referral
2664,2021-07-11,Price Comparison Website
556,2021-07-21,Referral
594,2021-04-15,Referral
2156,2021-03-05,Price Comparison Website
1931,2021-12-16,Price Comparison Website
2015,2021-12-05,Bulb Website
1974,2021-03-17,Price Comparison Website
2594,2021-08-25,Price Comparison Website
2387,2021-03-22,Price Comparison Website
1982,2020-09-27,Bulb Website
370,2021-07-28,Price Comparison Website
2104,2021-07-17,Bulb Website
1860,2021-06-27,Price Comparison Website
2014,2021-12-20,Price Comparison Website
559,2021-01-29,Referral
1969,2021-07-24,Referral
2384,2022-01-01,Price Comparison Website
11,2021-06-28,Price Comparison Website
479,2021-07-27,Referral
2510,2021-08-31,Price Comparison Website
322,2021-07-18,Referral
847,2021-06-17,Referral
654,2021-01-27,Referral
1953,2021-07-21,Referral
2680,2021-09-05,Price Comparison Website
367,2021-05-09,Referral
2808,2021-12-28,Price Comparison Website
2446,2021-08-19,Bulb Website
236,2021-09-16,Referral
582,2021-02-27,Price Comparison Website
167,2021-04-11,Referral
661,2020-12-29,Price Comparison Website
1885,2021-08-22,Price Comparison Website
1894,2021-03-22,Price Comparison Website
2117,2021-08-25,Referral
2487,2021-12-30,Price Comparison Website
835,2021-07-05,Referral
112,2021-07-06,Referral
2590,2020-11-14,Referral
324,2020-09-19,Bulb Website
381,2021-07-19,Referral
1896,2021-04-10,Price Comparison Website
2248,2021-12-12,Bulb Website
577,2021-03-28,Price Comparison Website
2838,2021-07-28,Price Comparison Website
2836,2021-05-26,Bulb Website
277,2021-06-23,Bulb Website
611,2020-08-04,Price Comparison Website
2242,2021-07-24,Bulb Website
29,2021-10-30,Bulb Website
2183,2021-01-25,Price Comparison Website
9,2021-05-11,Referral
2707,2021-03-16,Price Comparison Website
234,2021-04-14,Price Comparison Website
711,2021-01-15,Referral
1864,2021-07-06,Price Comparison Website
2541,2021-04-05,Price Comparison Website
2344,2021-12-18,Price Comparison Website
115,2021-05-03,Bulb Website
2637,2021-10-05,Referral
466,2020-11-12,Referral
126,2021-07-20,Referral
2062,2021-03-08,Referral
2299,2021-12-26,Price Comparison Website
663,2021-07-22,Referral
129,2021-06-02,Bulb Website
1959,2021-12-08,Price Comparison Website
2596,2021-09-03,Referral
748,2021-03-09,Bulb Website
2578,2021-05-28,Bulb Website
2074,2021-08-24,Price Comparison Website
180,2021-05-04,Bulb Website
79,2021-04-25,Bulb Website
106,2021-07-01,Price Comparison Website
2652,2021-09-05,Price Comparison Website
2642,2022-01-02,Price Comparison Website
329,2019-12-16,Bulb Website
1870,2021-04-11,Referral
2102,2021-06-11,Bulb Website
2491,2021-04-26,Referral
2562,2019-10-09,Bulb Website
2559,2021-10-20,Bulb Website
474,2021-04-06,Price Comparison Website
2024,2021-03-06,Price Comparison Website
2377,2021-12-28,Referral
2211,2021-12-29,Referral
2380,2021-05-26,Referral
2615,2021-07-21,Price Comparison Website
1868,2021-03-28,Price Comparison Website
825,2021-07-09,Price Comparison Website
2756,2021-03-23,Price Comparison Website
2459,2021-12-29,Price Comparison Website
2424,2021-09-06,Price Comparison Website
2079,2021-09-09,Bulb Website
598,2021-01-03,Price Comparison Website
371,2021-03-29,Referral
774,2021-06-16,Referral
529,2021-09-08,Bulb Website
222,2020-04-04,Bulb Website
140,2021-01-23,Referral
1977,2021-03-30,Price Comparison Website
859,2021-04-26,Referral
2589,2021-08-04,Price Comparison Website
639,2021-03-30,Bulb Website
2251,2020-11-02,Price Comparison Website
319,2021-12-19,Referral
2627,2021-09-05,Price Comparison Website
2533,2021-12-31,Price Comparison Website
2115,2021-08-21,Bulb Website
697,2021-07-23,Referral
2816,2021-07-18,Price Comparison Website
838,2021-05-02,Bulb Website
2452,2021-04-06,Price Comparison Website
2370,2021-07-10,Referral
753,2021-10-30,Bulb Website
2764,2021-12-30,Price Comparison Website
2558,2021-09-06,Price Comparison Website
1989,2021-11-17,Referral
2795,2021-12-20,Price Comparison Website
583,2021-08-07,Referral
2710,2021-12-25,Price Comparison Website
2043,2021-01-10,Price Comparison Website
2027,2021-07-06,Price Comparison Website
81,2020-09-07,Referral
2227,2021-11-06,Bulb Website
685,2021-05-23,Referral
2814,2021-07-23,Referral
2837,2021-10-24,Referral
337,2021-10-27,Referral
2601,2021-04-18,Price Comparison Website
205,2020-07-12,Price Comparison Website
2458,2021-05-15,Bulb Website
833,2021-06-14,Referral
1912,2021-08-03,Price Comparison Website
61,2020-10-18,Bulb Website
2727,2021-11-12,Bulb Website
563,2021-02-13,Price Comparison Website
2602,2021-04-12,Price Comparison Website
2774,2021-12-28,Price Comparison Website
636,2021-03-05,Price Comparison Website
1952,2021-07-29,Price Comparison Website
346,2021-08-08,Referral
2429,2021-08-22,Price Comparison Website
749,2021-05-12,Price Comparison Website
519,2021-07-22,Referral
1926,2021-10-24,Bulb Website
2192,2021-09-08,Referral
747,2021-09-06,Referral
2147,2021-01-22,Price Comparison Website
74,2021-06-12,Bulb Website
171,2021-09-21,Referral
1903,2021-07-24,Price Comparison Website
2777,2021-07-15,Bulb Website
431,2021-01-23,Referral
1909,2021-06-30,Price Comparison Website
496,2021-01-19,Bulb Website
2477,2021-08-04,Price Comparison Website
2078,2021-12-29,Price Comparison Website
2826,2021-12-28,Price Comparison Website
2647,2021-04-12,Price Comparison Website
2320,2022-01-02,Price Comparison Website
2468,2021-12-27,Price Comparison Website
2069,2021-12-28,Price Comparison Website
2177,2021-07-05,Price Comparison Website
2714,2021-08-02,Price Comparison Website
495,2021-08-25,Price Comparison Website
652,2021-08-05,Bulb Website
1978,2020-12-29,Price Comparison Website
360,2020-07-24,Referral
2683,2021-04-30,Bulb Website
599,2021-04-12,Price Comparison Website
792,2021-05-05,Referral
1884,2021-12-31,Price Comparison Website
276,2021-04-06,Bulb Website
296,2021-04-27,Referral
326,2020-08-06,Bulb Website
2331,2021-09-25,Referral
2289,2021-04-27,Price Comparison Website
331,2021-06-21,Bulb Website
2212,2020-06-29,Referral
2703,2021-07-25,Price Comparison Website
328,2021-04-24,Referral
1895,2021-09-06,Bulb Website
678,2020-12-28,Price Comparison Website
2709,2021-10-16,Referral
2258,2021-11-26,Bulb Website
2527,2021-12-28,Price Comparison Website
2153,2021-05-18,Price Comparison Website
2597,2021-05-07,Price Comparison Website
177,2021-01-11,Referral
2482,2021-07-18,Bulb Website
2155,2020-12-18,Price Comparison Website
2742,2021-11-03,Referral
2392,2021-06-13,Referral
809,2021-07-25,Referral
2158,2021-03-24,Price Comparison Website
2352,2021-06-29,Price Comparison Website
197,2021-11-15,Referral
2072,2021-09-05,Price Comparison Website
2420,2021-08-02,Price Comparison Website
814,2021-06-26,Referral
2669,2021-07-06,Price Comparison Website
1970,2020-07-20,Bulb Website
535,2021-03-29,Referral
150,2020-07-06,Bulb Website
25,2021-07-23,Referral
731,2021-05-03,Price Comparison Website
1988,2021-05-18,Bulb Website
2116,2021-06-12,Bulb Website
2497,2021-12-26,Price Comparison Website
2762,2021-12-30,Price Comparison Website
343,2021-03-08,Price Comparison Website
458,2021-08-23,Referral
2091,2021-07-18,Referral
2654,2020-12-31,Price Comparison Website
409,2021-05-16,Referral
18,2021-04-03,Price Comparison Website
2629,2021-04-05,Price Comparison Website
145,2020-07-18,Price Comparison Website
368,2021-07-13,Bulb Website
2002,2021-08-25,Price Comparison Website
2259,2021-12-26,Price Comparison Website
330,2021-04-13,Referral
0,2020-06-20,Price Comparison Website
2554,2020-12-25,Price Comparison Website
214,2020-07-19,Referral
557,2021-01-16,Price Comparison Website
2455,2020-08-04,Price Comparison Website
790,2019-05-07,Bulb Website
716,2020-12-27,Price Comparison Website
2190,2021-04-04,Price Comparison Website
40,2021-04-01,Price Comparison Website
422,2021-07-30,Referral
2798,2021-04-22,Referral
154,2021-08-03,Referral
2523,2021-04-06,Price Comparison Website
743,2021-10-11,Price Comparison Website
76,2021-03-30,Referral
515,2021-12-01,Bulb Website
2829,2021-04-10,Price Comparison Website
2749,2021-01-11,Bulb Website
2701,2021-01-17,Price Comparison Website
2518,2021-07-28,Price Comparison Website
157,2021-06-01,Referral
2129,2021-12-25,Price Comparison Website
2789,2021-05-15,Price Comparison Website
630,2021-07-21,Bulb Website
303,2021-08-22,Price Comparison Website
2347,2021-07-28,Price Comparison Website
2713,2021-04-25,Price Comparison Website
258,2021-07-21,Referral
805,2021-03-29,Bulb Website
567,2020-10-27,Referral
2509,2021-12-13,Price Comparison Website
2626,2021-07-06,Price Comparison Website
633,2021-06-16,Referral
2144,2021-12-24,Bulb Website
170,2021-12-11,Referral
593,2021-09-09,Referral
233,2021-07-18,Referral
420,2021-09-23,Referral
104,2021-06-22,Referral
99,2021-04-18,Referral
2058,2021-04-18,Price Comparison Website
2307,2021-07-20,Referral
522,2021-05-23,Referral
2216,2020-07-12,Price Comparison Website
2157,2019-11-30,Price Comparison Website
2506,2021-12-30,Price Comparison Website
1992,2021-07-08,Referral
2849,2020-09-26,Bulb Website
1943,2021-12-28,Price Comparison Website
2547,2021-07-16,Referral
311,2021-05-03,Referral
1915,2021-04-19,Price Comparison Website
2244,2021-12-15,Price Comparison Website
1979,2021-12-28,Price Comparison Website
2719,2021-08-07,Price Comparison Website
193,2021-11-01,Referral
380,2021-09-08,Referral
2700,2021-05-03,Price Comparison Website
278,2021-05-07,Referral
202,2021-07-18,Bulb Website
2696,2020-09-16,Price Comparison Website
543,2020-12-08,Referral
540,2021-07-24,Referral
2213,2021-07-23,Referral
2784,2021-12-21,Referral
2450,2021-09-12,Referral
2775,2021-12-15,Price Comparison Website
2534,2020-09-20,Price Comparison Website
2467,2021-07-19,Bulb Website
2531,2021-12-19,Price Comparison Website
578,2020-11-05,Bulb Website
2054,2021-08-07,Bulb Website
2853,2020-12-25,Price Comparison Website
2692,2021-08-27,Price Comparison Website
221,2021-07-24,Referral
338,2021-05-23,Referral
55,2021-06-19,Referral
2573,2021-12-13,Price Comparison Website
539,2019-10-26,Bulb Website
488,2021-07-21,Referral
15,2021-07-17,Referral
702,2021-03-07,Price Comparison Website
2166,2021-12-14,Price Comparison Website
169,2021-09-05,Referral
195,2020-11-02,Referral
2758,2020-09-11,Price Comparison Website
2544,2021-05-12,Price Comparison Website
2161,2021-03-11,Price Comparison Website
393,2021-07-06,Referral
2230,2021-07-18,Referral
683,2021-05-29,Bulb Website
93,2021-05-30,Referral
340,2020-11-29,Referral
2315,2022-01-01,Bulb Website
2492,2021-12-08,Price Comparison Website
560,2021-04-25,Price Comparison Website
2204,2021-07-24,Price Comparison Website
2515,2021-04-15,Bulb Website
54,2020-10-11,Referral
796,2021-07-22,Referral
2802,2021-08-03,Price Comparison Website
1900,2020-05-13,Price Comparison Website
2169,2021-07-18,Price Comparison Website
2682,2021-03-26,Price Comparison Website
135,2021-05-15,Price Comparison Website
46,2021-07-24,Referral
2282,2021-07-19,Bulb Website
125,2020-09-21,Price Comparison Website
2780,2020-09-08,Price Comparison Website
2567,2021-08-24,Price Comparison Website
2397,2021-07-24,Price Comparison Website
2322,2021-01-10,Price Comparison Website
223,2021-01-18,Referral
2625,2021-04-04,Price Comparison Website
2142,2021-05-20,Bulb Website
2810,2021-07-30,Price Comparison Website
10,2021-04-15,Referral
2821,2021-12-30,Price Comparison Website
2057,2021-03-20,Referral
629,2021-09-06,Referral
2126,2021-12-15,Price Comparison Website
2342,2021-09-05,Price Comparison Website
853,2021-05-29,Referral
2271,2021-04-07,Price Comparison Website
2143,2021-01-17,Price Comparison Website
2061,2021-04-05,Bulb Website
247,2020-09-20,Price Comparison Website
2504,2021-01-13,Price Comparison Website
768,2020-08-03,Bulb Website
2840,2021-07-18,Price Comparison Website
351,2020-06-14,Price Comparison Website
2295,2021-05-16,Referral
545,2021-01-19,Price Comparison Website
2753,2021-01-24,Referral
2292,2021-07-25,Price Comparison Website
620,2021-04-02,Referral
2401,2021-07-22,Referral
2828,2021-04-18,Price Comparison Website
2430,2021-07-31,Price Comparison Website
2199,2021-04-14,Price Comparison Website
2560,2021-09-11,Price Comparison Website
2480,2021-10-14,Referral
2262,2021-08-31,Referral
1990,2021-12-30,Referral
2537,2021-08-31,Price Comparison Website
2513,2020-11-15,Referral
2644,2021-07-24,Referral
291,2019-10-19,Price Comparison Website
2674,2021-05-07,Price Comparison Website
2576,2020-07-20,Bulb Website
2496,2021-08-24,Price Comparison Website
2008,2022-01-02,Price Comparison Website
323,2021-09-16,Bulb Website
426,2021-05-03,Referral
2363,2021-12-21,Referral
2801,2021-04-01,Price Comparison Website
20,2021-04-06,Bulb Website
808,2021-07-24,Referral
2724,2021-12-18,Referral
404,2020-06-20,Bulb Website
2448,2021-04-25,Price Comparison Website
721,2021-07-14,Referral
2412,2021-08-04,Price Comparison Website
2620,2021-04-07,Price Comparison Website
283,2021-04-04,Referral
2007,2021-09-18,Bulb Website
2410,2021-12-25,Price Comparison Website
524,2021-01-10,Price Comparison Website
623,2021-01-28,Referral
2607,2020-07-19,Price Comparison Website
2519,2021-01-12,Price Comparison Website
2411,2021-07-23,Price Comparison Website
59,2020-12-27,Bulb Website
2529,2021-04-16,Price Comparison Website
224,2021-07-06,Price Comparison Website
2314,2021-09-10,Bulb Website
2109,2021-06-13,Price Comparison Website
252,2020-10-03,Referral
2243,2020-05-21,Price Comparison Website
483,2021-07-12,Price Comparison Website
2842,2021-12-13,Price Comparison Website
152,2021-07-22,Referral
500,2021-12-20,Price Comparison Website
727,2021-01-08,Price Comparison Website
1928,2021-12-24,Price Comparison Website
2755,2021-12-13,Price Comparison Website
2579,2021-05-08,Referral
2040,2021-07-04,Price Comparison Website
2483,2021-02-05,Price Comparison Website
2226,2021-12-19,Price Comparison Website
2619,2021-07-30,Price Comparison Website
591,2021-06-15,Bulb Website
512,2021-05-20,Bulb Website
2735,2021-07-09,Referral
2039,2021-04-07,Price Comparison Website
862,2021-04-17,Price Comparison Website
662,2020-09-18,Price Comparison Website
176,2021-12-12,Referral
246,2021-03-17,Referral
181,2021-07-22,Referral
1955,2021-08-25,Price Comparison Website
308,2021-04-14,Price Comparison Website
230,2021-09-05,Price Comparison Website
2827,2021-03-19,Price Comparison Website
103,2020-12-29,Price Comparison Website
141,2020-04-24,Bulb Website
773,2021-07-17,Referral
588,2021-07-24,Referral
649,2021-02-02,Referral
824,2021-05-23,Bulb Website
23,2021-06-06,Referral
39,2020-08-08,Bulb Website
2796,2021-04-20,Bulb Website
2389,2021-12-15,Price Comparison Website
2839,2021-12-12,Price Comparison Website
156,2021-03-02,Bulb Website
486,2021-08-09,Bulb Website
2442,2020-08-23,Bulb Website
712,2021-04-04,Referral
2490,2021-12-25,Price Comparison Website
2819,2021-12-13,Price Comparison Website
2306,2020-12-29,Referral
2489,2021-07-04,Price Comparison Website
640,2020-06-11,Price Comparison Website
2140,2021-09-14,Bulb Website
2254,2021-09-05,Price Comparison Website
2788,2021-01-29,Referral
289,2020-07-18,Bulb Website
1925,2021-12-30,Price Comparison Website
189,2021-05-03,Price Comparison Website
2726,2021-12-28,Price Comparison Website
490,2021-05-22,Bulb Website
69,2021-04-05,Referral
395,2021-08-01,Price Comparison Website
394,2021-03-18,Referral
1937,2021-07-12,Price Comparison Website
2739,2021-12-21,Price Comparison Website
2731,2021-03-14,Bulb Website
92,2021-10-05,Referral
2761,2021-07-25,Price Comparison Website
266,2021-04-05,Bulb Website
2278,2021-12-25,Price Comparison Website
2032,2021-12-05,Price Comparison Website
2060,2020-12-29,Price Comparison Website
2421,2021-09-11,Price Comparison Website
184,2021-07-18,Price Comparison Website
250,2021-09-13,Referral
2236,2021-12-08,Bulb Website
41,2021-01-17,Price Comparison Website
554,2021-04-06,Bulb Website
2101,2021-12-27,Price Comparison Website
826,2020-09-28,Referral
175,2021-04-18,Referral
2809,2021-03-21,Price Comparison Website
2252,2021-07-31,Price Comparison Website
161,2021-08-03,Price Comparison Website
411,2021-09-12,Referral
830,2021-08-24,Referral
1954,2021-10-11,Bulb Website
746,2021-09-12,Referral
492,2020-07-13,Price Comparison Website
695,2021-04-25,Referral
806,2021-02-09,Price Comparison Website
738,2021-04-04,Referral
2650,2021-06-18,Bulb Website
416,2021-09-06,Referral
2208,2020-10-29,Bulb Website
2614,2021-04-28,Price Comparison Website
553,2021-04-25,Price Comparison Website
2264,2021-08-17,Referral
2203,2021-07-05,Price Comparison Website
2159,2021-12-23,Price Comparison Website
333,2021-05-08,Referral
2570,2020-12-25,Referral
2021,2020-09-17,Bulb Website
1975,2021-11-07,Bulb Website
347,2021-07-20,Referral
2273,2021-04-14,Price Comparison Website
2569,2021-08-30,Price Comparison Website
2261,2021-09-06,Price Comparison Website
2475,2021-12-29,Price Comparison Website
2557,2021-01-01,Price Comparison Website
530,2021-03-15,Bulb Website
117,2021-03-03,Referral
2499,2021-08-04,Price Comparison Website
374,2021-04-06,Price Comparison Website
263,2021-05-01,Price Comparison Website
194,2021-05-04,Price Comparison Website
51,2021-01-22,Referral
2309,2021-09-17,Referral
2668,2021-12-17,Price Comparison Website
1991,2021-03-27,Price Comparison Website
494,2021-07-06,Bulb Website
2479,2021-05-01,Bulb Website
2235,2021-06-04,Referral
206,2021-01-23,Referral
2042,2021-07-17,Bulb Website
1930,2021-12-31,Referral
656,2020-08-14,Bulb Website
2073,2020-12-28,Bulb Website
2178,2021-12-27,Bulb Website
2822,2020-11-27,Referral
705,2021-01-31,Bulb Website
316,2021-04-15,Bulb Website
1984,2021-10-09,Bulb Website
1940,2021-12-15,Price Comparison Website
2572,2021-12-29,Price Comparison Website
335,2021-10-01,Referral
339,2021-07-21,Referral
714,2021-09-19,Referral
361,2021-06-07,Referral
680,2021-07-18,Bulb Website
2098,2021-02-05,Price Comparison Website
2433,2021-06-30,Price Comparison Website
2167,2021-09-08,Price Comparison Website
80,2020-09-29,Referral
2453,2021-04-22,Price Comparison Website
688,2021-07-20,Price Comparison Website
671,2021-03-14,Price Comparison Website
1872,2020-06-06,Price Comparison Website
670,2021-07-20,Referral
1866,2021-04-04,Price Comparison Website
2088,2020-10-15,Bulb Website
2134,2021-03-30,Price Comparison Website
2170,2021-03-09,Price Comparison Website
364,2021-04-29,Referral
2376,2021-04-05,Price Comparison Website
2189,2020-11-21,Referral
32,2021-07-23,Referral
2162,2021-12-13,Price Comparison Website
2524,2021-08-15,Bulb Website
372,2020-12-06,Referral
641,2020-10-12,Bulb Website
2781,2021-01-27,Referral
2535,2021-07-19,Referral
2083,2021-12-17,Bulb Website
131,2021-01-28,Referral
595,2021-02-06,Price Comparison Website
56,2021-07-15,Bulb Website
2516,2021-04-27,Price Comparison Website
2728,2021-12-19,Price Comparison Website
2086,2021-07-06,Bulb Website
2633,2021-05-12,Price Comparison Website
610,2021-05-07,Referral
2658,2021-03-06,Price Comparison Website
2473,2021-08-02,Referral
2754,2020-03-31,Price Comparison Website
634,2021-09-06,Bulb Website
2371,2021-03-02,Price Comparison Website
1886,2021-08-22,Price Comparison Website
686,2021-03-02,Price Comparison Website
789,2021-05-09,Referral
2656,2020-08-09,Price Comparison Website
376,2021-11-06,Referral
2823,2021-12-29,Price Comparison Website
2353,2021-07-18,Referral
116,2020-10-27,Bulb Website
2075,2021-09-08,Bulb Website
290,2020-09-21,Price Comparison Website
424,2021-07-22,Referral
2580,2021-09-05,Price Comparison Website
281,2021-12-19,Referral
2732,2021-05-22,Referral
2120,2021-07-05,Price Comparison Website
566,2021-09-07,Price Comparison Website
2385,2021-07-18,Price Comparison Website
2716,2021-11-16,Bulb Website
148,2020-11-02,Referral
2463,2021-05-03,Price Comparison Website
2298,2021-12-28,Price Comparison Website
2485,2020-01-25,Price Comparison Website
183,2021-10-07,Referral
348,2021-10-13,Bulb Website
2287,2021-05-21,Referral
1967,2021-05-29,Referral
2308,2021-06-23,Bulb Website
142,2020-10-22,Bulb Website
2757,2020-09-21,Price Comparison Website
518,2020-11-17,Referral
2357,2021-05-04,Referral
473,2021-07-23,Referral
114,2021-04-16,Price Comparison Website
143,2020-05-08,Bulb Website
2249,2021-04-27,Price Comparison Website
1889,2021-11-29,Price Comparison Website
2555,2021-12-26,Price Comparison Website
2520,2021-12-13,Price Comparison Website
2076,2021-03-30,Price Comparison Website
2048,2021-12-15,Price Comparison Website
441,2021-05-10,Bulb Website
2720,2021-01-13,Referral
1888,2021-12-27,Price Comparison Website
124,2021-04-20,Referral
2765,2021-09-15,Referral
307,2021-10-26,Referral
2154,2021-12-02,Bulb Website
2561,2021-07-24,Referral
477,2021-10-20,Referral
101,2021-03-24,Price Comparison Website
546,2021-01-11,Price Comparison Website
297,2021-07-07,Referral
2457,2021-04-08,Price Comparison Website
465,2021-08-10,Referral
766,2021-06-19,Bulb Website
313,2021-07-01,Price Comparison Website
2356,2021-12-18,Price Comparison Website
2185,2021-12-28,Price Comparison Website
2165,2021-01-04,Referral
304,2021-02-16,Referral
2613,2021-06-28,Price Comparison Website
523,2021-05-06,Price Comparison Website
1910,2021-01-26,Price Comparison Website
601,2021-04-18,Bulb Website
2390,2021-01-22,Price Comparison Website
2548,2021-09-14,Referral
89,2021-09-27,Referral
2049,2021-07-13,Bulb Website
707,2021-07-11,Referral
1879,2021-07-19,Price Comparison Website
2033,2021-12-22,Referral
2328,2021-06-27,Referral
218,2020-11-30,Bulb Website
288,2021-05-17,Referral
216,2021-10-24,Referral
2852,2020-07-15,Bulb Website
463,2021-03-10,Referral
356,2020-07-18,Price Comparison Website
2694,2021-07-18,Referral
213,2020-10-19,Referral
2020,2020-07-13,Price Comparison Website
1873,2020-12-28,Price Comparison Website
1916,2021-10-18,Bulb Website
86,2021-05-04,Referral
2445,2021-08-06,Bulb Website
787,2021-06-24,Bulb Website
800,2021-10-20,Bulb Website
564,2021-03-20,Price Comparison Website
739,2021-05-10,Bulb Website
4,2020-08-20,Price Comparison Website
1962,2021-09-26,Bulb Website
485,2021-03-20,Bulb Website
2222,2021-07-27,Price Comparison Website
759,2021-07-19,Referral
35,2021-04-03,Price Comparison Website
2026,2021-07-21,Bulb Website
801,2021-04-30,Referral
605,2021-03-07,Bulb Website
2587,2021-12-22,Price Comparison Website
2552,2021-09-05,Price Comparison Website
2280,2021-12-13,Bulb Website
2290,2021-12-12,Bulb Website
2329,2021-04-16,Price Comparison Website
1936,2021-09-05,Price Comparison Website
305,2021-04-19,Referral
2676,2021-11-03,Referral
2009,2021-07-11,Price Comparison Website
737,2021-06-26,Bulb Website
541,2021-06-06,Bulb Website
1976,2021-06-30,Price Comparison Website
2730,2021-06-29,Price Comparison Website
2575,2021-01-03,Price Comparison Website
1995,2021-07-17,Bulb Website
2022,2021-08-12,Referral
497,2021-03-13,Bulb Website
1963,2021-12-13,Referral
493,2021-07-08,Bulb Website
2645,2021-11-15,Bulb Website
729,2021-07-05,Price Comparison Website
2598,2021-12-07,Price Comparison Website
2316,2021-07-25,Referral
2019,2021-06-16,Bulb Website
2214,2021-07-24,Referral
2672,2021-09-22,Bulb Website
2408,2021-05-04,Price Comparison Website
846,2020-02-03,Bulb Website
689,2021-08-03,Referral
70,2021-03-25,Bulb Website
852,2021-07-21,Referral
2112,2022-01-02,Price Comparison Website
2493,2021-06-23,Bulb Website
2119,2021-12-28,Price Comparison Website
95,2021-03-30,Bulb Website
261,2021-08-01,Referral
2542,2021-09-06,Referral
2426,2021-07-10,Price Comparison Website
2622,2021-11-08,Referral
436,2020-08-19,Bulb Website
19,2020-06-21,Price Comparison Website
709,2021-12-09,Referral
1464,2021-12-15,Referral
744,2021-07-19,Referral
2666,2021-08-03,Referral
2239,2021-12-30,Price Comparison Website
2245,2021-12-28,Price Comparison Website
2082,2021-12-30,Price Comparison Website
1957,2021-08-14,Bulb Website
509,2021-06-05,Referral
848,2021-04-20,Referral
2834,2021-03-16,Referral
728,2021-05-25,Referral
2639,2021-12-09,Price Comparison Website
2217,2021-07-14,Price Comparison Website
2528,2021-03-22,Price Comparison Website
2391,2021-04-04,Price Comparison Website
402,2020-10-06,Bulb Website
1892,2021-12-27,Bulb Website
2551,2021-01-16,Price Comparison Website
2503,2021-11-02,Referral
64,2021-03-18,Referral
2685,2021-09-15,Price Comparison Website
362,2021-08-11,Price Comparison Website
2359,2021-07-11,Price Comparison Website
2096,2021-08-01,Price Comparison Website
2514,2022-01-01,Price Comparison Website
1956,2021-11-15,Referral
90,2021-04-17,Bulb Website
561,2021-06-15,Bulb Website
2200,2021-08-23,Bulb Website
164,2021-10-01,Referral
1878,2021-07-14,Price Comparison Website
130,2020-09-10,Bulb Website
726,2021-10-13,Referral
2805,2021-06-18,Bulb Website
2010,2021-12-19,Bulb Website
386,2021-04-25,Price Comparison Website
2611,2021-05-18,Price Comparison Website
657,2021-08-02,Price Comparison Website
2402,2021-04-05,Price Comparison Website
428,2020-07-18,Price Comparison Website
2066,2021-01-10,Bulb Website
2688,2019-11-11,Price Comparison Website
579,2020-10-12,Referral
616,2021-03-28,Price Comparison Website
1905,2021-01-03,Price Comparison Website
1924,2021-07-06,Price Comparison Website
600,2021-05-08,Bulb Website
660,2021-07-05,Referral
2818,2021-09-11,Price Comparison Website
2125,2021-06-03,Referral
2382,2021-07-13,Price Comparison Website
1939,2021-07-21,Referral
306,2020-05-15,Price Comparison Website
1907,2021-11-27,Referral
408,2021-04-05,Referral
2592,2021-12-25,Price Comparison Website
2103,2021-10-07,Referral
2670,2021-07-19,Referral
1904,2021-09-07,Price Comparison Website
2691,2021-04-18,Price Comparison Website
2653,2020-08-04,Bulb Website
732,2021-08-22,Bulb Website
713,2021-07-17,Referral
1923,2021-11-30,Referral
513,2021-07-26,Price Comparison Website
2484,2021-04-19,Referral
2123,2021-12-20,Price Comparison Website
31,2021-10-18,Referral
626,2020-11-21,Price Comparison Website
98,2021-07-24,Referral
2176,2021-07-24,Referral
369,2021-05-02,Price Comparison Website
1922,2021-12-12,Price Comparison Website
2131,2021-07-04,Bulb Website
2556,2021-09-02,Referral
2793,2020-10-14,Bulb Website
765,2021-06-30,Bulb Website
102,2021-05-27,Referral
504,2021-03-10,Referral
804,2021-02-04,Bulb Website
2521,2020-12-17,Bulb Website
700,2021-07-21,Referral
1897,2021-03-26,Bulb Website
2283,2021-07-06,Bulb Website
2234,2021-09-08,Price Comparison Website
165,2021-04-02,Referral
475,2021-07-22,Referral
2624,2021-12-04,Bulb Website
2657,2021-12-13,Price Comparison Website
2530,2021-07-28,Price Comparison Website
2215,2021-03-10,Price Comparison Website
1869,2021-03-31,Price Comparison Website
2609,2021-02-01,Price Comparison Website
2005,2021-07-11,Price Comparison Website
691,2021-07-22,Referral
462,2021-04-03,Referral
2374,2021-03-17,Price Comparison Website
503,2021-10-28,Referral
2792,2021-08-23,Price Comparison Website
24,2021-04-23,Referral
2146,2021-05-08,Price Comparison Website
642,2021-04-22,Referral
2677,2021-05-19,Price Comparison Website
2651,2021-08-25,Bulb Website
1668,2021-10-03,Referral
30,2021-04-06,Bulb Website
2532,2020-12-14,Referral
812,2021-05-02,Price Comparison Website
2851,2021-12-26,Price Comparison Website
151,2020-09-02,Referral
401,2021-05-04,Price Comparison Website
2394,2021-08-02,Price Comparison Website
2748,2021-05-27,Bulb Website
2323,2021-11-30,Bulb Website
269,2021-04-26,Price Comparison Website
413,2021-09-05,Price Comparison Website
2673,2021-12-13,Price Comparison Website
302,2020-10-13,Price Comparison Website
2665,2021-04-03,Price Comparison Website
2565,2021-03-16,Bulb Website
379,2020-11-14,Bulb Website
226,2021-01-21,Price Comparison Website
2396,2021-08-24,Price Comparison Website
740,2021-03-24,Price Comparison Website
188,2021-07-10,Bulb Website
387,2021-01-06,Price Comparison Website
2678,2020-07-10,Price Comparison Website
2825,2021-06-01,Referral
788,2021-07-25,Referral
1874,2021-12-03,Price Comparison Website
2586,2021-07-04,Price Comparison Website
390,2020-08-02,Referral
868,2021-03-07,Bulb Website
2583,2021-08-13,Referral
2681,2022-01-03,Price Comparison Website
2812,2021-07-04,Referral
2418,2021-07-18,Referral
2512,2021-12-01,Referral
2593,2021-08-30,Bulb Website
2773,2021-07-21,Referral
1877,2020-11-24,Price Comparison Website
794,2021-04-05,Price Comparison Website
325,2021-04-05,Bulb Website
155,2021-04-05,Referral
2501,2021-08-11,Price Comparison Website
421,2021-04-21,Referral
1941,2021-07-20,Bulb Website
415,2021-07-12,Referral
220,2021-12-14,Referral
160,2021-07-16,Price Comparison Website
228,2021-07-23,Referral
2505,2021-03-03,Price Comparison Website
2031,2021-05-03,Price Comparison Website
2646,2021-07-04,Price Comparison Website
320,2021-07-20,Referral
8,2020-12-30,Bulb Website
2743,2021-06-28,Price Comparison Website
437,2021-06-22,Bulb Website
1867,2021-07-11,Price Comparison Website
2304,2020-10-28,Price Comparison Website
2193,2021-12-27,Bulb Website
2488,2021-07-22,Referral
2850,2021-07-20,Referral
763,2021-04-25,Price Comparison Website
2291,2020-12-29,Price Comparison Website
2003,2021-06-21,Bulb Website
2684,2021-04-17,Bulb Website
854,2021-09-24,Referral
1985,2021-03-11,Price Comparison Website
2706,2021-04-18,Price Comparison Website
799,2020-07-28,Referral
454,2020-12-31,Price Comparison Website
2188,2021-01-10,Price Comparison Website
2799,2021-07-13,Price Comparison Website
2824,2021-04-22,Bulb Website
2064,2021-09-13,Bulb Website
251,2021-06-27,Referral
332,2021-07-18,Referral
2127,2021-12-06,Price Comparison Website
704,2021-01-29,Referral
2791,2021-12-22,Price Comparison Website
820,2021-07-17,Referral
1945,2020-12-20,Price Comparison Website
2132,2021-11-29,Bulb Website
2228,2021-10-11,Referral
722,2020-02-21,Bulb Website
